Workbook
Name SlicerCache_Table_1_Col_1: #N/A
Name SlicerCache_Table_3_Col_1: #N/A
Name SlicerCache_Table_3_Col_3: #N/A
Name SlicerCache_Table_3_Col_5: #N/A

Sheet primary energy use data 
A1: Entity | B1: Code | C1: Year | D1: Total energy supply | E1: Tier Type | F1: zscore
A2: Bangladesh | B2: BGD | C2: 1965 | D2: 0 | E2: {=IFS(D2<=$G$3,'calculated data '!$A$3,D2<=$G$4,'calculated data '!$A$4,D2<=$G$6,'calculated data '!$A$5,D2>=$G$6,'calculated data '!$A$6)} -> Low Demand Tier | F2: =STANDARDIZE(D2,$G$8,$G$9) -> -0.66317147
A3: Bangladesh | B3: BGD | C3: 1966 | D3: 0 | E3: {=IFS(D3<=$G$3,'calculated data '!$A$3,D3<=$G$4,'calculated data '!$A$4,D3<=$G$6,'calculated data '!$A$5,D3>=$G$6,'calculated data '!$A$6)} -> Low Demand Tier | F3: =STANDARDIZE(D3,$G$8,$G$9) -> -0.66317147 | G3: =QUARTILE($D:$D,1) -> 2815.5126 | H3: q1
A4: Bangladesh | B4: BGD | C4: 1967 | D4: 0 | E4: {=IFS(D4<=$G$3,'calculated data '!$A$3,D4<=$G$4,'calculated data '!$A$4,D4<=$G$6,'calculated data '!$A$5,D4>=$G$6,'calculated data '!$A$6)} -> Low Demand Tier | F4: =STANDARDIZE(D4,$G$8,$G$9) -> -0.66317147 | G4: =QUARTILE($D:$D,3) -> 35183.462 | H4: q3
A5: Bangladesh | B5: BGD | C5: 1968 | D5: 0 | E5: {=IFS(D5<=$G$3,'calculated data '!$A$3,D5<=$G$4,'calculated data '!$A$4,D5<=$G$6,'calculated data '!$A$5,D5>=$G$6,'calculated data '!$A$6)} -> Low Demand Tier | F5: =STANDARDIZE(D5,$G$8,$G$9) -> -0.66317147 | G5: =G4-G3 -> 32367.949 | H5: iqr
A6: Bangladesh | B6: BGD | C6: 1969 | D6: 0 | E6: {=IFS(D6<=$G$3,'calculated data '!$A$3,D6<=$G$4,'calculated data '!$A$4,D6<=$G$6,'calculated data '!$A$5,D6>=$G$6,'calculated data '!$A$6)} -> Low Demand Tier | F6: =STANDARDIZE(D6,$G$8,$G$9) -> -0.66317147 | G6: =G4+1.5*G5 -> 83735.385 | H6: upper outlier
A7: Bangladesh | B7: BGD | C7: 1970 | D7: 0 | E7: {=IFS(D7<=$G$3,'calculated data '!$A$3,D7<=$G$4,'calculated data '!$A$4,D7<=$G$6,'calculated data '!$A$5,D7>=$G$6,'calculated data '!$A$6)} -> Low Demand Tier | F7: =STANDARDIZE(D7,$G$8,$G$9) -> -0.66317147 | G7: =G3-1.5*G5 -> -45736.411 | H7: lower outlier
A8: French Guiana | B8: GUF | C8: 2012 | D8: 0 | E8: {=IFS(D8<=$G$3,'calculated data '!$A$3,D8<=$G$4,'calculated data '!$A$4,D8<=$G$6,'calculated data '!$A$5,D8>=$G$6,'calculated data '!$A$6)} -> Low Demand Tier | F8: =STANDARDIZE(D8,$G$8,$G$9) -> -0.66317147 | G8: =AVERAGE($D:$D) -> 25053.937 | H8: mean global
A9: French Guiana | B9: GUF | C9: 2013 | D9: 0 | E9: {=IFS(D9<=$G$3,'calculated data '!$A$3,D9<=$G$4,'calculated data '!$A$4,D9<=$G$6,'calculated data '!$A$5,D9>=$G$6,'calculated data '!$A$6)} -> Low Demand Tier | F9: =STANDARDIZE(D9,$G$8,$G$9) -> -0.66317147 | G9: =STDEV($D:$D) -> 37778.973 | H9: stdv
A10: French Guiana | B10: GUF | C10: 2014 | D10: 0 | E10: {=IFS(D10<=$G$3,'calculated data '!$A$3,D10<=$G$4,'calculated data '!$A$4,D10<=$G$6,'calculated data '!$A$5,D10>=$G$6,'calculated data '!$A$6)} -> Low Demand Tier | F10: =STANDARDIZE(D10,$G$8,$G$9) -> -0.66317147
A11: French Guiana | B11: GUF | C11: 2015 | D11: 0 | E11: {=IFS(D11<=$G$3,'calculated data '!$A$3,D11<=$G$4,'calculated data '!$A$4,D11<=$G$6,'calculated data '!$A$5,D11>=$G$6,'calculated data '!$A$6)} -> Low Demand Tier | F11: =STANDARDIZE(D11,$G$8,$G$9) -> -0.66317147
A12: French Guiana | B12: GUF | C12: 2016 | D12: 0 | E12: {=IFS(D12<=$G$3,'calculated data '!$A$3,D12<=$G$4,'calculated data '!$A$4,D12<=$G$6,'calculated data '!$A$5,D12>=$G$6,'calculated data '!$A$6)} -> Low Demand Tier | F12: =STANDARDIZE(D12,$G$8,$G$9) -> -0.66317147
A13: French Guiana | B13: GUF | C13: 2017 | D13: 0 | E13: {=IFS(D13<=$G$3,'calculated data '!$A$3,D13<=$G$4,'calculated data '!$A$4,D13<=$G$6,'calculated data '!$A$5,D13>=$G$6,'calculated data '!$A$6)} -> Low Demand Tier | F13: =STANDARDIZE(D13,$G$8,$G$9) -> -0.66317147
A14: French Guiana | B14: GUF | C14: 2018 | D14: 0 | E14: {=IFS(D14<=$G$3,'calculated data '!$A$3,D14<=$G$4,'calculated data '!$A$4,D14<=$G$6,'calculated data '!$A$5,D14>=$G$6,'calculated data '!$A$6)} -> Low Demand Tier | F14: =STANDARDIZE(D14,$G$8,$G$9) -> -0.66317147
A15: French Guiana | B15: GUF | C15: 2019 | D15: 0 | E15: {=IFS(D15<=$G$3,'calculated data '!$A$3,D15<=$G$4,'calculated data '!$A$4,D15<=$G$6,'calculated data '!$A$5,D15>=$G$6,'calculated data '!$A$6)} -> Low Demand Tier | F15: =STANDARDIZE(D15,$G$8,$G$9) -> -0.66317147
A16: French Guiana | B16: GUF | C16: 2020 | D16: 0 | E16: {=IFS(D16<=$G$3,'calculated data '!$A$3,D16<=$G$4,'calculated data '!$A$4,D16<=$G$6,'calculated data '!$A$5,D16>=$G$6,'calculated data '!$A$6)} -> Low Demand Tier | F16: =STANDARDIZE(D16,$G$8,$G$9) -> -0.66317147
A17: French Guiana | B17: GUF | C17: 2021 | D17: 0 | E17: {=IFS(D17<=$G$3,'calculated data '!$A$3,D17<=$G$4,'calculated data '!$A$4,D17<=$G$6,'calculated data '!$A$5,D17>=$G$6,'calculated data '!$A$6)} -> Low Demand Tier | F17: =STANDARDIZE(D17,$G$8,$G$9) -> -0.66317147
A18: French Guiana | B18: GUF | C18: 2022 | D18: 0 | E18: {=IFS(D18<=$G$3,'calculated data '!$A$3,D18<=$G$4,'calculated data '!$A$4,D18<=$G$6,'calculated data '!$A$5,D18>=$G$6,'calculated data '!$A$6)} -> Low Demand Tier | F18: =STANDARDIZE(D18,$G$8,$G$9) -> -0.66317147
A19: French Guiana | B19: GUF | C19: 2023 | D19: 0 | E19: {=IFS(D19<=$G$3,'calculated data '!$A$3,D19<=$G$4,'calculated data '!$A$4,D19<=$G$6,'calculated data '!$A$5,D19>=$G$6,'calculated data '!$A$6)} -> Low Demand Tier | F19: =STANDARDIZE(D19,$G$8,$G$9) -> -0.66317147
A20: French Guiana | B20: GUF | C20: 2024 | D20: 0 | E20: {=IFS(D20<=$G$3,'calculated data '!$A$3,D20<=$G$4,'calculated data '!$A$4,D20<=$G$6,'calculated data '!$A$5,D20>=$G$6,'calculated data '!$A$6)} -> Low Demand Tier | F20: =STANDARDIZE(D20,$G$8,$G$9) -> -0.66317147
A21: Guadeloupe | B21: GLP | C21: 2012 | D21: 0 | E21: {=IFS(D21<=$G$3,'calculated data '!$A$3,D21<=$G$4,'calculated data '!$A$4,D21<=$G$6,'calculated data '!$A$5,D21>=$G$6,'calculated data '!$A$6)} -> Low Demand Tier | F21: =STANDARDIZE(D21,$G$8,$G$9) -> -0.66317147
... A11317: United States Virgin Islands | B11317: VIR | C11317: 2006 | D11317: 651836.56 | E11317: {=IFS(D11317<=$G$3,'calculated data '!$A$3,D11317<=$G$4,'calculated data '!$A$4,D11317<=$G$6,'calculated data '!$A$5,D11317>=$G$6,'calculated data '!$A$6)} -> Outliers / Premium Tier | F11317: =STANDARDIZE(D11317,$G$8,$G$9) -> 16.59078

Sheet calculated data 
A2: Market Segment | B2: Count | C2: AVG | D2: Median | E2: stdv
A3: Low Demand Tier | B3: =COUNTIFS('primary energy use data '!$D:$D,"<"&'primary energy use data '!G3) -> 2829 | C3: =AVERAGEIFS('primary energy use data '!$D:$D,'primary energy use data '!$D:$D,">"&'primary energy use data '!G3) -> 33029.339 | D3: {=MEDIAN(IF('primary energy use data '!$D$2:$D$7324<'primary energy use data '!G3,'primary energy use data '!$D$2:$D$7324))} -> 970.93774 | E3: {=STDEV(IF('primary energy use data '!$D:$D<'primary energy use data '!$G$3,'primary energy use data '!$D:$D))} -> 801.08066
A4: Target Market (Core IQR) | B4: =COUNTIFS('primary energy use data '!$D:$D,">="&'primary energy use data '!G3,'primary energy use data '!$D:$D,"<="&'primary energy use data '!G4) -> 5658 | C4: =AVERAGEIFS('primary energy use data '!$D:$D,'primary energy use data '!$D:$D,">="&'primary energy use data '!G3,'primary energy use data '!$D:$D,"<="&'primary energy use data '!G4) -> 14613.888 | D4: {=MEDIAN(IFS('primary energy use data '!$D$2:$D$7324>='primary energy use data '!G3,'primary energy use data '!$D$2:$D$7324,'primary energy use data '!$D$2:$D$7324<='primary energy use data '!G4,'primary energy use data '!$D$2:$D$7324))} -> 4656.814 | E4: {=STDEV(IF(('primary energy use data '!$D:$D>='primary energy use data '!$G$3)*('primary energy use data '!$D:$D<='primary energy use data '!$G$4),'primary energy use data '!$D:$D))} -> 9299.5506
A5: High Demand Tier | B5: =COUNTIFS('primary energy use data '!$D:$D,"<"&'primary energy use data '!G6,'primary energy use data '!$D:$D,">"&'primary energy use data '!G4) -> 2255 | C5: =AVERAGEIFS('primary energy use data '!$D:$D,'primary energy use data '!$D:$D,">"&'primary energy use data '!G4,'primary energy use data '!$D:$D,"<"&'primary energy use data '!G6) -> 50642.472 | D5: {=MEDIAN(IFS('primary energy use data '!$D$2:$D$7324>='primary energy use data '!G4,'primary energy use data '!$D$2:$D$7324,'primary energy use data '!$D$2:$D$7324<'primary energy use data '!G6,'primary energy use data '!$D$2:$D$7324))} -> 4656.814 | E5: {=STDEV(IF(('primary energy use data '!$D:$D>'primary energy use data '!$G$4)*('primary energy use data '!$D:$D<'primary energy use data '!$G$6),'primary energy use data '!$D:$D))} -> 11619.312
A6: Outliers / Premium Tier | B6: =COUNTIFS('primary energy use data '!$D:$D,">="&'primary energy use data '!G6) -> 574 | C6: =AVERAGEIFS('primary energy use data '!$D:$D,'primary energy use data '!$D:$D,">="&'primary energy use data '!G6) -> 145358.63 | D6: 121636.66 | E6: {=STDEV(IF('primary energy use data '!$D:$D>'primary energy use data '!$G$6,'primary energy use data '!$D:$D))} -> 76275.21
A12: Q1 | B12: Q3 | C12: IQR | D12: Upper Outlier | E12: Lower Outlier | F12: Global Mean
A13: =QUARTILE('primary energy use data '!$D:$D,1) -> 2815.5126 | B13: =QUARTILE('primary energy use data '!$D:$D,3) -> 35183.462 | C13: =B13-A13 -> 32367.949 | D13: =B13+1.5*C13 -> 83735.385 | E13: =A13-1.5*C13 -> -45736.411 | F13: =AVERAGE('primary energy use data '!$D:$D) -> 25053.937

Sheet DashBoard 
A24: Bangladesh | B24: BGD | C24: 1965 | D24: 0 | E24: Low Demand Tier | F24: -0.66317147
A25: Bangladesh | B25: BGD | C25: 1966 | D25: 0 | E25: Low Demand Tier | F25: -0.66317147
A26: Bangladesh | B26: BGD | C26: 1967 | D26: 0 | E26: Low Demand Tier | F26: -0.66317147
A27: Bangladesh | B27: BGD | C27: 1968 | D27: 0 | E27: Low Demand Tier | F27: -0.66317147
A28: Bangladesh | B28: BGD | C28: 1969 | D28: 0 | E28: Low Demand Tier | F28: -0.66317147
A29: Bangladesh | B29: BGD | C29: 1970 | D29: 0 | E29: Low Demand Tier | F29: -0.66317147
A30: French Guiana | B30: GUF | C30: 2012 | D30: 0 | E30: Low Demand Tier | F30: -0.66317147
A31: French Guiana | B31: GUF | C31: 2013 | D31: 0 | E31: Low Demand Tier | F31: -0.66317147
A32: French Guiana | B32: GUF | C32: 2014 | D32: 0 | E32: Low Demand Tier | F32: -0.66317147
A33: United States Virgin Islands | B33: VIR | C33: 2008 | D33: 354278.56 | E33: Outliers / Premium Tier | F33: 8.7144938
A34: United States Virgin Islands | B34: VIR | C34: 2000 | D34: 358436.47 | E34: Outliers / Premium Tier | F34: 8.8245526
A35: Netherlands Antilles | B35: ANT | C35: 1981 | D35: 370182.5 | E35: Outliers / Premium Tier | F35: 9.1354671
... A43: United States Virgin Islands | B43: VIR | C43: 2006 | D43: 651836.56 | E43: Outliers / Premium Tier | F43: 16.59078
